{
    "predict_accuracy": 0.9236495207895031,
    "predict_f1": 0.0,
    "predict_loss": 0.4540227949619293,
    "predict_precision": 0.0,
    "predict_recall": 0.0,
    "predict_runtime": 200.0134,
    "predict_samples_per_second": 194.777,
    "predict_steps_per_second": 24.348
}